ActivityLabel,tBodyAcc.mean...X,tBodyAcc.mean...Y,tBodyAcc.mean...Z,tBodyAcc.std...X,tBodyAcc.std...Y,tBodyAcc.std...Z,tGravityAcc.mean...X,tGravityAcc.mean...Y,tGravityAcc.mean...Z,tGravityAcc.std...X,tGravityAcc.std...Y,tGravityAcc.std...Z,tBodyAccJerk.mean...X,tBodyAccJerk.mean...Y,tBodyAccJerk.mean...Z,tBodyAccJerk.std...X,tBodyAccJerk.std...Y,tBodyAccJerk.std...Z,tBodyGyro.mean...X,tBodyGyro.mean...Y,tBodyGyro.mean...Z,tBodyGyro.std...X,tBodyGyro.std...Y,tBodyGyro.std...Z,tBodyGyroJerk.mean...X,tBodyGyroJerk.mean...Y,tBodyGyroJerk.mean...Z,tBodyGyroJerk.std...X,tBodyGyroJerk.std...Y,tBodyGyroJerk.std...Z,tBodyAccMag.mean..,tBodyAccMag.std..,tGravityAccMag.mean..,tGravityAccMag.std..,tBodyAccJerkMag.mean..,tBodyAccJerkMag.std..,tBodyGyroMag.mean..,tBodyGyroMag.std..,tBodyGyroJerkMag.mean..,tBodyGyroJerkMag.std..,fBodyAcc.mean...X,fBodyAcc.mean...Y,fBodyAcc.mean...Z,fBodyAcc.std...X,fBodyAcc.std...Y,fBodyAcc.std...Z,fBodyAcc.meanFreq...X,fBodyAcc.meanFreq...Y,fBodyAcc.meanFreq...Z,fBodyAccJerk.mean...X,fBodyAccJerk.mean...Y,fBodyAccJerk.mean...Z,fBodyAccJerk.std...X,fBodyAccJerk.std...Y,fBodyAccJerk.std...Z,fBodyAccJerk.meanFreq...X,fBodyAccJerk.meanFreq...Y,fBodyAccJerk.meanFreq...Z,fBodyGyro.mean...X,fBodyGyro.mean...Y,fBodyGyro.mean...Z,fBodyGyro.std...X,fBodyGyro.std...Y,fBodyGyro.std...Z,fBodyGyro.meanFreq...X,fBodyGyro.meanFreq...Y,fBodyGyro.meanFreq...Z,fBodyAccMag.mean..,fBodyAccMag.std..,fBodyAccMag.meanFreq..,fBodyBodyAccJerkMag.mean..,fBodyBodyAccJerkMag.std..,fBodyBodyAccJerkMag.meanFreq..,fBodyBodyGyroMag.mean..,fBodyBodyGyroMag.std..,fBodyBodyGyroMag.meanFreq..,fBodyBodyGyroJerkMag.mean..,fBodyBodyGyroJerkMag.std..,fBodyBodyGyroJerkMag.meanFreq..,activity_code,Subject,dataset
LAYING,0.2691910070887704,-0.0183452479771855,-0.10716870963646055,-0.9594752383020612,-0.9376089354484719,-0.9416352872838664,-0.37085493868656716,0.6329261870696518,0.5755715505609097,-0.9415993807043355,-0.9570614030690121,-0.9436009862629708,0.08157225756162047,0.011348362341066098,-0.00532249999608209,-0.9804295384648187,-0.9707160167235253,-0.9793347665458422,-0.01676119080279915,-0.09166081519808102,0.12714791770788914,-0.9653418692189055,-0.9634386057071784,-0.9614351984221748,-0.10201962495906183,-0.038268383208876336,-0.0639964642257285,-0.9754937234115139,-0.981437634278607,-0.9845834290049751,-0.9332987018173419,-0.9254252703127221,-0.9332987018173419,-0.9254252703127221,-0.9790678836531628,-0.974099433837953,-0.9357646613717129,-0.9379397307448472,-0.9831666707391613,-0.9773249121890547,-0.9662335705046198,-0.948790913989339,-0.9562106918621179,-0.9573079075027008,-0.936034910177683,-0.9385020368890548,-0.264202929041037,0.12457473152693034,0.18840279553850037,-0.9801891785501066,-0.9708948613788202,-0.9763143368443497,-0.9825687694953802,-0.9727289828358209,-0.9810070566879886,0.10200871178283583,-0.004471925633334044,0.06744195970823597,-0.960446780433049,-0.9681397852807392,-0.962619007583511,-0.9672069528855721,-0.9614630627505331,-0.9646928959275053,-0.02715807592732054,-0.1468994616820398,0.11342189257560056,-0.9439509322515991,-0.9279620719202558,0.09854769814011372,-0.9741812297085999,-0.9730295088059702,0.2829172083169154,-0.9537249315493959,-0.9390258352693674,-0.045846200715877757,-0.9785824149751243,-0.9771240645771144,0.16317710757592752,6.0,NA,train
SITTING,0.27344899882542767,-0.012142608845979782,-0.1065807449933126,-0.9834495621539658,-0.9362081799403811,-0.9392741938888025,0.8708998993001555,0.12278513628618351,0.16212389466229393,-0.9790649770839813,-0.9576513711197512,-0.9471774735948678,0.0757738529781182,0.004974871031096579,-0.0018678882741244168,-0.9855447946189736,-0.9746498260342146,-0.9825262241524105,-0.03783059482939036,-0.07280278075453343,0.07847420745216951,-0.9812628340824261,-0.9663057930093313,-0.9588918660419906,-0.09594566498242613,-0.04059647309001866,-0.05130237226028616,-0.9865847634836703,-0.9866540236236392,-0.9841646470528771,-0.9550675432348367,-0.9393657585258165,-0.9550675432348367,-0.9393657585258165,-0.9829666184136858,-0.9794403344479005,-0.9474213846656299,-0.95085757562052875,-0.988248275785381,-0.984886442970451,-0.9832351732970451,-0.9487832295458787,-0.957480579844479,-0.9836752909020218,-0.9339487592561431,-0.9345341560824262,-0.05485560959244168,0.07681845542840592,0.08417481812446267,-0.9856980278693623,-0.9748070633359254,-0.9798540310730949,-0.986724182511664,-0.9763878382659409,-0.9838304678693623,0.18463735919132737,-0.052168278921726284,0.007119874258932349,-0.9778752427838259,-0.9721839398289269,-0.9615034346189736,-0.9824803431881804,-0.9635574813297045,-0.9619672285614308,0.06668811438694401,-0.21845888394145413,0.004935883772931571,-0.9526732626578538,-0.9419665121353032,0.1192085923545552,-0.9792610884681182,-0.9786270764307932,0.2779515860049611,-0.9641022595723172,-0.9512966918802488,-0.07023091216495335,-0.9856794310419906,-0.9846777679937792,0.17325144913751944,4.0,NA,train
STANDING,0.2792937570742358,-0.016123084663668123,-0.10732962785709024,-0.985346233195051,-0.9360133074090248,-0.9423597630422125,0.9408556920815139,-0.18215916549240174,-0.027391794138985518,-0.9882702075400291,-0.9707543168704512,-0.9553343331732169,0.07485715063377002,0.008774294072983989,-0.003872176354622271,-0.9816229502256186,-0.9666063037117903,-0.980575465705968,-0.026323198018580785,-0.06607460572997088,0.07877825013282387,-0.9509814758660844,-0.9641418362882096,-0.9601069054075692,-0.09944591578486171,-0.04244377949628821,-0.05180255129641921,-0.9694920098253275,-0.9820441855531296,-0.978999994272198,-0.9567888501819505,-0.9490502718719068,-0.9567888501819505,-0.9490502718719068,-0.9787388690029112,-0.9735163886098981,-0.9472079647962154,-0.9359244018413392,-0.9805899080203785,-0.9761138619213974,-0.9829128906186317,-0.9461508937481805,-0.9590546744759826,-0.9865744133915575,-0.9346245389803494,-0.9380622925982532,0.006791134513468704,-0.026146011163478894,0.06197005247502183,-0.9816268161499272,-0.9669319531513828,-0.977422716790393,-0.9833616880567686,-0.9687637274017468,-0.982416433216885,0.20362457162835298,-0.12482087173342067,0.0037635504869359534,-0.9490802527802038,-0.9680267480422126,-0.9614986052401747,-0.952324284970888,-0.962401947845706,-0.96344778356623,-0.2158593708478457,-0.20825927126636098,-0.07954981887941776,-0.9582275933842794,-0.9517997756997089,0.06143682975779185,-0.9732024122197962,-0.9729003837700145,0.2616690163442358,-0.9528149991339155,-0.9368007728165939,-0.1725029759832452,-0.9775074263973799,-0.9758226825982532,0.09427070170051674,5.0,NA,train
WALKING,0.27626020087275693,-0.01776771085111819,-0.10888408950546492,-0.312641276860938,-0.02027168925344209,-0.24627919491645187,0.9333170700570963,-0.19951817889722676,-0.06490487735504567,-0.9775091369331158,-0.9666318521207178,-0.9524447766965742,0.07815293177787928,0.012122674131689657,-0.0037555525686060356,-0.2821168811670881,-0.10497042793753099,-0.4619156374804078,-0.031253314769176185,-0.07131259423249592,0.08419439885812766,-0.4612900987081566,-0.32558492080245516,-0.3208095763755302,-0.09689688601626427,-0.04431034273459217,-0.052404295243947796,-0.36123256610921695,-0.5029319860960033,-0.44086511826207175,-0.16078708767831973,-0.3305431777125204,-0.16078708767831973,-0.3305431777125204,-0.24318298869117455,-0.22122673901030995,-0.25720396479931484,-0.36096832426354,-0.45000982536933115,-0.48788828189032624,-0.2992462899547716,-0.04005798634091354,-0.3202688799867292,-0.31944956090326265,-0.07337246234922512,-0.2675723626840946,-0.30236846527275696,0.044701989027721045,0.06809226087957342,-0.3211211677686542,-0.17313930567883443,-0.43404996315324634,-0.3062962655382545,-0.09167698104471615,-0.4889389105306607,-0.26657226520587274,-0.35778634622030997,-0.24504324924454324,-0.3426253523517129,-0.3731864500088173,-0.29915601925164764,-0.5011308322012724,-0.3059658278830261,-0.3924217988776509,-0.07070096416995922,-0.11008786717291191,-0.08300213431862968,-0.27458399234006525,-0.4697066830628059,0.15928596860076916,-0.22047463640195758,-0.22968791108079933,0.07069502726525856,-0.39345640217705546,-0.45146109845179444,0.1468669329897058,-0.5071097685655547,-0.501290499908646,0.11742123649933932,1.0,NA,train
WALKING_DOWNSTAIRS,0.28816888847565925,-0.016370186421755577,-0.1058603251521075,0.13984682430392598,0.07918393173192698,-0.16836790655013184,0.9243362303752536,-0.1670951448520284,-0.052199656958998884,-0.9488086512068965,-0.934591624918864,-0.9096360904158215,0.08820696474097363,0.0024369573074847868,-0.008875305409137932,-0.008197524837971603,-0.061872453765923936,-0.37352959468088237,-0.0766623641270639,-0.05590992181633773,0.09392529139587222,-0.3169440381698783,-0.3061819132574036,-0.26144603615070994,-0.07425086886210953,-0.05193426650095335,-0.05291741420528397,-0.37400021389097365,-0.4447626166140974,-0.31883247611771803,0.13736610816368156,0.14463683587205883,0.13736610816368156,0.14463683587205883,-0.08969833455912779,0.0031974312300202833,-0.10460197630129818,-0.2272654523163286,-0.39717101545993916,-0.43086641585665314,0.07135594058599391,0.07376509523722109,-0.19297608058921906,0.16184190722236308,0.011644080619868154,-0.22442276965750507,-0.3994668450157201,-0.0069884992618357,0.09241023288170386,-0.04763615909716024,-0.10587856649330629,-0.31460283981237325,-0.05789816179752333,-0.07903130504661968,-0.43203577899851925,-0.31856734940162273,-0.3940861751103448,-0.23118860335136918,-0.20178363408651115,-0.28679197429716025,-0.15292253093225153,-0.35822912678891483,-0.3273098248278702,-0.37016571590892494,-0.18016869468143001,-0.05380529777686613,-0.02885430503036004,0.17106546434421907,-0.05197549171749493,0.025813453780354968,0.027554426056359025,-0.038799912358397366,0.023905537880324543,-0.26601031910581135,-0.3416617165555274,0.06613836413650122,-0.4234141864584787,-0.4831442551832961,0.09931992396471703,3.0,NA,train
WALKING_UPSTAIRS,0.26192952725200375,-0.02664705257359739,-0.12042356442003728,-0.22107244590790306,-3.480315821714816e-4,-0.14036375281847158,0.8723781749301025,-0.28691577583411,-0.14831321770816588,-0.9463441787698043,-0.9253897660764212,-0.8996798908946878,0.07816854443471576,0.01045084046666356,-0.005533390921752097,-0.3558494886684063,-0.3285415069199348,-0.6221930126616961,0.020924036478965517,-0.09694633587559925,0.049120210544212485,-0.46144566337036347,-0.32157085066542407,-0.23845552289433364,-0.11563437943452935,-0.03932211270753029,-0.05198316738598322,-0.542672583806617,-0.6610389287604846,-0.5639948886893197,-0.07545014906968313,-0.23555173691038211,-0.07545014906968313,-0.23555173691038211,-0.3812778595247903,-0.38735343572274,-0.16551941133816403,-0.3039781793375583,-0.601125454923672,-0.6641815386924511,-0.28547749536832245,-0.12240638059095993,-0.35243507194557316,-0.19861552447391426,-0.00557541172054054,-0.1059289295174371,-0.4415359664650513,-0.17339765663683132,-0.2795091345434576,-0.38499361807315935,-0.3548186826961696,-0.5867354449934762,-0.3841030458585275,-0.34676252546665426,-0.656696754193849,-0.33702647675835973,-0.4508719133102516,-0.44925062755330847,-0.3878044151293569,-0.4452905817157036,-0.2975449071998136,-0.48951462116747435,-0.26693503434836907,-0.2936842273386766,-0.2150436133749767,-0.3173941323527027,-0.2634522065941659,-0.2488359907132712,-0.34917132156477165,-0.05536624607187325,-0.3534680067835042,-0.43991027275418454,0.07903649244928239,-0.42956083745740914,-0.3466097285832246,-0.1821214271166086,-0.6553826093685927,-0.7015937537418453,0.09072692299819199,2.0,NA,train
NA,0.26569692058213257,-0.01829817251760807,-0.10784573454610952,-0.5457953313283257,-0.36771621822737754,-0.5026457465628242,0.744867411573487,-0.08255625798559078,0.07233987038904899,-0.9598594359365994,-0.9511506274582132,-0.9258175908674352,0.07709304951268012,0.01659084388023055,-0.00910758730117003,-0.524721922818732,-0.4704124035112392,-0.7173222748818444,-0.02087640643201729,-0.08807227294005764,0.08626416665979827,-0.6865557152017291,-0.4509798104995677,-0.5974961367951008,-0.09711201972659943,-0.04171648082939481,-0.04713939854775216,-0.6378126872103747,-0.6344722445504323,-0.6645919777864553,-0.45363294376881846,-0.49709640203832856,-0.45363294376881846,-0.49709640203832856,-0.5454316120665706,-0.5159221675551585,-0.4754047858023055,-0.4998395937458213,-0.6395174326426513,-0.6520507709106629,-0.5318951612582132,-0.40643544890443806,-0.5964111652536023,-0.5530606166634006,-0.39015093964706055,-0.49858309167608067,-0.18055871401074927,0.0576291646962536,0.05836927766097983,-0.5473488924357637,-0.5073436179698588,-0.695305113832853,-0.5439797761278674,-0.46625167653337174,-0.7378619326801152,-0.04880059658847262,-0.21527915818414986,-0.09644963769971182,-0.6232191823115274,-0.5053094340700288,-0.5535290654256484,-0.7082634208616715,-0.42982583264870317,-0.6504761621325649,-0.03203241027590778,-0.09015172359740634,-0.018006394347233428,-0.47844852335417865,-0.5897102312178675,0.14206216250613832,-0.4990757656240922,-0.5418230795700288,0.2000551795278386,-0.5350027703377521,-0.5665766703976945,0.06493094381602306,-0.6459706552988472,-0.6858112626340057,0.19803158005645533,NA,1,train
NA,0.27658531139556963,-0.019127253193322785,-0.10894176164240506,-0.5894764977955697,-0.49037934699683544,-0.6653243142278481,0.7305261849367088,0.05273870286139241,0.14020986124683543,-0.9753944576898734,-0.9571387707278481,-0.9568120004113924,0.08301345406582279,0.007804425434303798,-0.006574249752594937,-0.6593230830550633,-0.6087842267199367,-0.8425118160443038,-0.05473284402724683,-0.05822757708132911,0.08728410968235602,-0.7399221266287974,-0.7035017664873418,-0.7250160087974683,-0.08054733098734178,-0.049391406547468354,-0.04801401672674051,-0.7817381406012658,-0.8683772540822785,-0.7954908824683544,-0.5428250328136076,-0.6128822709126582,-0.5428250328136076,-0.6128822709126582,-0.6798195045474683,-0.6642417603702532,-0.6283678510664557,-0.6967713789579114,-0.8268290284810127,-0.8669050126265823,-0.6195240283246836,-0.5314552656625317,-0.7500261457911392,-0.5794917547493671,-0.5025702402433544,-0.6520956711085443,-0.22436042071772153,0.03185514637594937,0.050278300907531645,-0.6766729871664557,-0.6323746886060126,-0.825559590221519,-0.672195644346519,-0.6094449982477849,-0.8582596306012659,-0.08742549253822784,-0.24257259720601265,-0.0992296316156962,-0.7099493321170887,-0.7768528689556962,-0.7088429792721519,-0.7517582771677215,-0.6708927130667721,-0.7559606283544303,-0.1118749251128481,-0.18177802818607594,-0.0810951668035443,-0.6115280743591772,-0.6744701590094937,0.12725035020425,-0.6561334732746835,-0.676925075857595,0.15836355185813292,-0.7575859395886076,-0.7112672196822785,-0.10978179348268988,-0.864827011392405,-0.8792540167405063,0.11789211326962025,NA,11,train
NA,0.2701845960092879,-0.016254817851052632,-0.1009859356920743,-0.6116711182160991,-0.3747307652050774,-0.29354271467452014,0.6720812248823529,-0.11170138878111455,-0.16117972829102167,-0.9412457147368422,-0.9423773053126935,-0.9159278461609908,0.07417574676650154,0.004436827238179566,-0.002530446924739938,-0.6419641986330031,-0.5864596227736842,-0.6568555861021053,2.53671358297214e-4,-0.09549211548235294,0.0606712446996904,-0.7286613793405573,-0.39895936276609906,-0.3644781925021672,-0.1075561270620031,-0.04332004893402167,-0.04506938368944272,-0.7862917325386997,-0.6979155314613003,-0.6382990647888545,-0.4532626203318885,-0.4740586134089783,-0.4532626203318885,-0.4740586134089783,-0.6089734203099071,-0.6051442698572446,-0.416459776709257,-0.47148671460681113,-0.7005209398547988,-0.727023009383901,-0.6195132718517028,-0.4552376170009288,-0.44065067234365324,-0.6094063741100619,-0.37682998940464396,-0.27501372217148606,-0.31917114163126936,-0.15308350824613004,-0.1078442994743034,-0.6543850093928792,-0.5986995313993808,-0.6187121621873065,-0.6614603569532508,-0.6021589438232198,-0.6944249964678019,-0.14865733675448917,-0.30535537922910216,-0.23920067984427246,-0.699166400749226,-0.50463317018839,-0.4239182143845201,-0.7400522098544892,-0.34886418737018576,-0.4076720971708978,-0.24134106075448916,-0.3454347632495356,-0.21281847489721362,-0.49087417982043346,-0.5482699307705883,-0.06006812741235294,-0.596896308848452,-0.6192151445393189,0.13723954547213624,-0.5430305289854489,-0.5169304959173994,-0.13854475539318886,-0.7175901018029721,-0.7605600879628484,0.09075795166959752,NA,14,train
NA,0.27821340725,-0.016464484771310975,-0.1125635875945122,-0.5565411730893293,-0.4816795379560061,-0.7057066238689025,0.6888725115121951,0.102660491875,0.03728977017570122,-0.9687333986280487,-0.9563694939939025,-0.9472400580487805,0.07768974113048781,0.004893920527064024,-0.0044099319007774385,-0.6240557821585366,-0.5943126780450915,-0.8258208815762195,-0.028127878061067074,-0.07587884551987804,0.0906658516,-0.6968594730457317,-0.7087790691914634,-0.7218269875304878,-0.09609101085396342,-0.044127069018201216,-0.05556454568810976,-0.7313827110365854,-0.8539565920731708,-0.7956261983841464,-0.5272853520004878,-0.5571478741760366,-0.5272853520004878,-0.5571478741760366,-0.6547996947575305,-0.6256603765466463,-0.6177217797960366,-0.6753369600478658,-0.8052826695121951,-0.8371200780792682,-0.5837723174451219,-0.5077352057783842,-0.7417457246981707,-0.5471508554439024,-0.5015684352333841,-0.7114313403567073,-0.2186371199679878,0.0505085375937378,0.04245195950179878,-0.6434695193615854,-0.609408057377744,-0.8055434655884146,-0.6376551550928353,-0.6058548826226524,-0.8451110607621951,-0.049027356665070125,-0.197408729697561,-0.07378344705213415,-0.6643544288564024,-0.7607114110060975,-0.7111945399207317,-0.7093361681768293,-0.6845047357445122,-0.7516965271951219,-0.14325667384164634,-0.22213746904390244,-0.05797605773402439,-0.562948391223628,-0.6236556181981707,0.06142791873795732,-0.6148176051259147,-0.6431011670695121,0.1584042182,-0.7323944938414634,-0.6953468396829269,-0.1496808646463741,-0.8368018940243902,-0.8496344638414635,0.09555642335893293,NA,15,train
NA,0.27788744037431695,-0.01585678883090164,-0.1072639244453552,-0.6681614982986339,-0.6499470678928961,-0.6038199023860655,0.7009061303087432,-0.06052359937978142,0.04020755362349727,-0.9711564321311476,-0.9647275199453552,-0.9452940286393443,0.07754888853743169,0.008840183282702186,-0.001437300055642076,-0.7278617435245902,-0.7350801980437158,-0.7678730493800546,-0.012234144672513662,-0.07244448039808743,0.07301446515300547,-0.7995344504918033,-0.810124133715847,-0.7376299679617486,-0.10736161480125683,-0.04166156689396175,-0.053947041087349726,-0.8582987191530055,-0.8695731205737705,-0.8370399260655738,-0.6161311168890438,-0.6617196904918032,-0.6161311168890438,-0.6617196904918032,-0.7252468704863388,-0.7196470282385246,-0.7181687756284153,-0.7848228657923497,-0.8604463724590163,-0.8748001656830601,-0.7008851473418033,-0.6715721470987979,-0.6609899481604372,-0.6569690450584152,-0.6618445305068306,-0.6056467253071038,-0.23857046024180328,-0.027643471976666667,0.02782346357248634,-0.7446620416120219,-0.7486270015519125,-0.752302172079235,-0.7347767366130601,-0.7384343981054645,-0.7820895153442623,-0.03188891092786885,-0.19451196903174864,-0.170592442202459,-0.789780147036612,-0.8159621300273224,-0.7562866417213114,-0.8049918315027322,-0.8094214481420765,-0.7569936407240437,-0.13789909123128416,-0.15801840884289617,-0.05389462937319672,-0.6669625082467213,-0.7126809907653006,0.055866821471038254,-0.7131676137061476,-0.7298693987696722,0.22168363227551913,-0.8171288192076502,-0.802078223409836,-0.05012213415191257,-0.8727722827322404,-0.8865332122131148,0.15321123956204918,NA,16,train
NA,0.2740295480652174,-0.017541604507472826,-0.10919985313008153,-0.6084552438707337,-0.5670053194643478,-0.6605827556190217,0.6989374113858695,-0.013734698125,-0.017704242895380435,-0.9717716529076087,-0.9588100464673913,-0.9490392138315218,0.08140605650597826,0.008489496733396738,0.0027028801100543484,-0.6826030961548913,-0.6686938210445652,-0.8133395606521739,-0.014668617704956522,-0.08271092619803805,0.07702506437546196,-0.7590111199456522,-0.764867040625,-0.720741038680163,-0.10785417094646739,-0.03917194470296196,-0.05084965108741848,-0.7883879816304348,-0.8259886627717391,-0.8082513029076087,-0.5683672440938587,-0.6360744777035326,-0.5683672440938587,-0.6360744777035326,-0.6964651972350544,-0.6939463947508152,-0.6761851232841033,-0.7501452609673913,-0.8104382328532609,-0.8252559697010869,-0.651780423718288,-0.6017413762602446,-0.7189474248967391,-0.5935101734233695,-0.5769300560635869,-0.6566229320095108,-0.2262923833535326,0.005299929223668478,0.007556358037065217,-0.7166816226535326,-0.6947548377880435,-0.8025287858967391,-0.6765449408921196,-0.6631583932385869,-0.8228017475815217,-0.07990597580489131,-0.16163476297016305,-0.16238481773592392,-0.7287104111807066,-0.7747452589945653,-0.726857840652174,-0.7700572257103261,-0.7613352436956522,-0.7451014779103261,-0.08110275812067935,-0.10677829795013587,-0.032266457914619566,-0.6461891548269022,-0.6875369432277174,0.035532440850461956,-0.6975755589932066,-0.6925957789798913,0.2163941278647826,-0.7694985514673913,-0.7822324946739131,0.004883371386711957,-0.8291244683152174,-0.8337010231521739,0.23279253613451087,NA,17,train
NA,0.26972348710555555,-0.018203151571030557,-0.11827718009938333,-0.5746589229191944,-0.5070350849926389,-0.6491847265569445,0.475323016,0.09640526266666667,0.23301140119508335,-0.9582904478611111,-0.95925383425,-0.94180028475,0.07741711477663889,0.011581242196087556,-0.0018619885019583332,-0.5710882661460833,-0.5713111904322222,-0.7053429761908333,-0.03857239533465111,-0.06814206031777778,0.08836095915591667,-0.6377899145755556,-0.6438663005603056,-0.6456822121891667,-0.08959394250555555,-0.03832087366702778,-0.056964944428694445,-0.6188362066344445,-0.7259913806238889,-0.6866845838315834,-0.5315073621113611,-0.5995527674863056,-0.5315073621113611,-0.5995527674863056,-0.5762252472125,-0.6019185528719444,-0.5489196681322223,-0.6100933807402777,-0.6834365418244445,-0.7255986988425001,-0.5870503550975278,-0.5218880766097778,-0.6470262982840278,-0.5708979748225,-0.5309015850223611,-0.6802913826372222,-0.21243328295394445,0.07038736342172222,0.16038389388827778,-0.5931571691746111,-0.5966949439369444,-0.6809244931805556,-0.5869101289808333,-0.572596722878,-0.7285219014988611,0.002638829569166666,-0.16078759613761112,0.0022557991006861115,-0.5530895759427777,-0.6413372998177778,-0.6026253078183889,-0.6660713155998889,-0.6501054023477778,-0.6947290754916666,-0.03218426090683333,-0.19629760694,-0.04150137691063889,-0.5564044449679723,-0.6898609201138889,0.11577517063576667,-0.5760646478122777,-0.6410890058577777,0.23207477510138888,-0.6362879997991666,-0.6623259681458333,-0.019933624845833334,-0.7195190087527777,-0.7542237394416667,0.12862973938944444,NA,19,train
NA,0.2774665255220588,-0.01766645785617647,-0.10877848058848039,-0.672323867377451,-0.5655851903362991,-0.6696218131764706,0.6457759578088236,-0.07509630714460784,0.03218517743627451,-0.9655866344607843,-0.9693308184558823,-0.9530939933088235,0.08222078747769608,0.0035010755358485294,-0.01065907267129902,-0.6997633442057843,-0.6651591231056201,-0.7818239014829902,-0.027634663930357843,-0.07847197368389706,0.08612126683627451,-0.7961722868995098,-0.765057760637255,-0.7016420284995588,-0.10055831788921568,-0.04082361418633333,-0.05338610464164216,-0.7924831567205882,-0.815859336004902,-0.8120173121813725,-0.6203092595536764,-0.6601960145,-0.6203092595536764,-0.6601960145,-0.7034612758796569,-0.6800692189539216,-0.6937792245171569,-0.761303119652451,-0.8078174031372549,-0.8240898999509804,-0.6934860971441177,-0.5937782141490197,-0.7077137990218137,-0.6653496634264706,-0.5787485868318627,-0.6755881927786764,-0.23097616815603922,0.041276140340333334,0.04955204528251716,-0.7164141314504902,-0.6786151187289216,-0.7673519865553922,-0.7098007283882353,-0.6741023606551471,-0.7949228136736275,0.016869757149705882,-0.16181448572230392,-0.1128172226769853,-0.7520408286519608,-0.7593257148112745,-0.7094714204656862,-0.8110267101102941,-0.7713883188235294,-0.7283193047306372,-0.08901065778995099,-0.1864579664392402,-0.022885187321813726,-0.6586647195147058,-0.7143457392159314,0.08465126094718137,-0.6797425848093628,-0.6837251274183823,0.24432186187764707,-0.7764730601715686,-0.7931585262794117,-0.005719226257352941,-0.8262750260539216,-0.8349498632598039,0.20564365593397058,NA,21,train
NA,0.2747676900461059,-0.01682736040773832,-0.10867037678286605,-0.5460899755486915,-0.4911884262415265,-0.6550896787897196,0.6093908749221184,0.03150986831152648,0.23588786398214953,-0.9585044641121495,-0.9573230934364486,-0.9390810261090342,0.0791031130417757,0.015257246661962617,-0.007228732975327103,-0.5849637568623053,-0.5604701171233645,-0.7604684442990655,-0.00800630644716511,-0.09496611169221184,0.08124065846479751,-0.6959192029604362,-0.7840522810903426,-0.6544580162087228,-0.10925756182744548,-0.038461622375015575,-0.05821442935190031,-0.708898710199377,-0.8599244198442367,-0.742272774987539,-0.5040991982876013,-0.5959538535925857,-0.5040991982876013,-0.5959538535925857,-0.6097728298909657,-0.5898231404146729,-0.6376661084560747,-0.6763785615816199,-0.7946813112149532,-0.8264934480062305,-0.5949296520657321,-0.5081727782062305,-0.6873209611495327,-0.5289588125676012,-0.5155809733632398,-0.6655169996993769,-0.18103198407389096,0.037199232630498444,0.08062956663613707,-0.6042532023735202,-0.5743181140389408,-0.7397018082866044,-0.6024579914126168,-0.5763918140803489,-0.7802527026479751,0.06655214383099689,-0.178425080835514,-0.04676917892523365,-0.6395756544797507,-0.7913997458878504,-0.6433633398193146,-0.7149779034423676,-0.782046079563863,-0.6906794489003115,-0.1641380081958567,-0.20074131463140188,-0.05163024879090343,-0.5743331648535825,-0.6738962128093458,0.10327715031735825,-0.5854425015158878,-0.5992868791140187,0.16193636299688474,-0.7281667700311526,-0.6996000862336449,-0.13161544016791277,-0.8301919566978193,-0.8355972182554517,0.1195605638024922,NA,22,train
NA,0.27349325473010755,-0.01958925878682796,-0.10909398238524194,-0.622594039757258,-0.532078546615699,-0.45055720340994626,0.6623247375806451,0.01462091973548387,0.0518662466372043,-0.96439304029569894,-0.9603189070967741,-0.9342361466129032,0.07785882158438172,0.020047096497298387,-7.176808818870965e-4,-0.608183751830914,-0.6189812305182796,-0.6030487695715323,-0.022089041801317204,-0.08259729637540322,0.07469494232432795,-0.7557386252419355,-0.500338191139785,-0.6096834518217742,-0.09669907372258064,-0.04327227417983871,-0.06219590935263441,-0.7286921383333334,-0.5460435936518817,-0.7405181458870967,-0.5327547572051076,-0.5655756257921505,-0.5327547572051076,-0.5655756257921505,-0.5864006717091398,-0.5587253141862903,-0.5442079644333871,-0.5419490736607527,-0.6234126419771505,-0.5739428880216129,-0.5990808864306452,-0.5484832089435484,-0.4902128161841398,-0.6338391144365592,-0.5544716795921775,-0.4747675437160484,-0.20872442068086022,0.029787724899825268,0.08998437925185485,-0.6175218366056452,-0.6282313383927419,-0.5788708102354839,-0.6350543514755377,-0.6369776100607527,-0.6275403676526882,0.017358063942473117,-0.124670179855,-0.11252887936290322,-0.6851365015188172,-0.49778381101048386,-0.6176854167365592,-0.7791970540645161,-0.5078505474137097,-0.644131036807258,-0.02516927983776882,-0.059272469604301076,-0.022942489927150537,-0.5290292841180108,-0.6570489179715053,0.11533518491586021,-0.5426633194575269,-0.5838323091459677,0.2025532791521774,-0.5346571916836022,-0.6322885272037635,0.1547231977903226,-0.584111049810215,-0.5937353021053764,0.16918502450510753,NA,23,train
NA,0.27530146777212716,-0.019322176931491443,-0.10962903098044009,-0.7162645375476773,-0.5314210356026895,-0.6470955610586797,0.6723866221271394,0.04716014275305624,0.2392260409303912,-0.9500170913447433,-0.9010887709633252,-0.8806823307066015,0.08176574420638141,0.006386338844425427,-0.010346171499488997,-0.7968233500733496,-0.7225029193643032,-0.8606693826405868,-0.002981511647921761,-0.08390035415782396,0.0993606079900489,-0.6831319707750612,-0.7522610132762836,-0.74741022,-0.10826388456229828,-0.03898847534352078,-0.055578222364743274,-0.7686824731784841,-0.9026280807579462,-0.8318486672860635,-0.5833777497139364,-0.659015505611247,-0.5833777497139364,-0.659015505611247,-0.7834453544743276,-0.7804518678484108,-0.6257330642589242,-0.6851527946706601,-0.8496307062591687,-0.8727761844498777,-0.7484165096821516,-0.6000276972420537,-0.7385099475794621,-0.705223686579951,-0.5290646522909536,-0.6302246376745722,-0.30665719052518337,-0.10865011618938876,-0.07445020986288509,-0.8041446428361858,-0.7405703122493887,-0.8495048494865526,-0.8077125257212714,-0.7217076685721271,-0.870541516210269,-0.11079300952982885,-0.3477513510720538,-0.23570742249454768,-0.672197763601467,-0.8131337920782397,-0.746832213594132,-0.6903984819437653,-0.7235844375305623,-0.7712089290953545,-0.20760117632787287,-0.3491469318853056,-0.13513973985317848,-0.69501971,-0.6953679287188264,-0.0426423613907335,-0.7791900758924205,-0.7835472297555012,0.16822273125572126,-0.7542361097555013,-0.6972131203667482,-0.22082033044748167,-0.8759706747432763,-0.8777149536919315,0.047148286650757945,NA,25,train
NA,0.2730365808625,-0.01616872774634949,-0.10763789492857143,-0.6231010311683673,-0.5859671424181122,-0.7049806274489796,0.6151235346683673,0.10870478277551021,0.23410701047244897,-0.9678178999489796,-0.9597135622270409,-0.9556433635459184,0.08087432613418367,0.007677099781811225,-0.007248919437688775,-0.6828156529931122,-0.678386582086227,-0.7783494608418368,-0.02065993210510204,-0.08274150609040816,0.09178532940446428,-0.7666739703392857,-0.8006754710459184,-0.7033472056198979,-0.09881256274612245,-0.04047640028885204,-0.055828274335403064,-0.7323213706908164,-0.8361121753316326,-0.7731015248214286,-0.6009322641757653,-0.6203557886658163,-0.6009322641757653,-0.6203557886658163,-0.6949178592091837,-0.677426336392347,-0.6945976629362245,-0.751833690215051,-0.7983259167091836,-0.8182791129081632,-0.6510903018619898,-0.6104258332403061,-0.7240460871556123,-0.6134995976760204,-0.6002748098262755,-0.7184904757653061,-0.22254582580867346,0.03603821379132653,0.14242940187540562,-0.6994131682956632,-0.6967264739127551,-0.76956529125,-0.694314518927551,-0.6803580612,-0.7860491249489796,-0.02383966223035714,-0.16891457534783164,-0.08504628483808674,-0.7031095610688776,-0.7993530753571428,-0.6894048468137756,-0.7874031005994898,-0.803635337372449,-0.7359423844387755,-0.016777861049311223,-0.09977744656109694,0.0029365240173214293,-0.6317569828625,-0.6739177995466836,0.08832866870938776,-0.6792783236377551,-0.6780257583127551,0.18046066388979592,-0.7705048848214285,-0.7826243208316327,-0.012158727875334183,-0.8238652971938776,-0.8239914084183674,0.14753370698056378,NA,26,train
NA,0.27726456707446806,-0.01679692155921516,-0.11084830041356383,-0.6609760852180852,-0.6304604886585107,-0.6832153258776595,0.6272300798670213,0.03224238714361702,0.14116869604876037,-0.9746201734042553,-0.9725051747872341,-0.9592003944148936,0.07683203966170213,0.006177149928295212,-0.004950006074414893,-0.7005499743574468,-0.6747922934756649,-0.7836320767819149,-0.06088876027896277,-0.05521779457164894,0.10894708965319148,-0.795853557018617,-0.8020487189893617,-0.6741285121037234,-0.08930660393563032,-0.04504144877257979,-0.058625467604787235,-0.8210758325,-0.8373202114893618,-0.7829455888297873,-0.6279477374178192,-0.6778741520319149,-0.6279477374178192,-0.6778741520319149,-0.7018074479986702,-0.6960033542829788,-0.694016019806117,-0.7547133064409575,-0.8230676624734042,-0.8372128795640957,-0.6814547958553192,-0.6412678404295212,-0.7154828575478723,-0.6546593922632978,-0.6495066747765957,-0.6921307659627659,-0.17030428461143618,0.09596561064904255,0.13321365948164893,-0.7145546783656915,-0.6945096584731383,-0.7685744522526595,-0.7128579565292553,-0.6757447943843085,-0.7973034082180851,-0.010461749626117022,-0.11592211409707447,-0.06815915103670213,-0.7685057112925532,-0.7954339536087766,-0.7027885131143617,-0.8062884102978723,-0.8087918492021277,-0.6971472990664893,-0.08916536011138299,-0.052659269579202125,-0.0070833360967952124,-0.6671858039468085,-0.7348830569539894,0.19178129981478723,-0.6885727910449468,-0.7075313663154256,0.24674219921489363,-0.785953610106383,-0.7778104188324468,0.011486737861409574,-0.8375859998271277,-0.8482600216569149,0.20368499812143617,NA,27,train
NA,0.2775325547643979,-0.0191721442063089,-0.10971087310418848,-0.6490403913078534,-0.5736518959335078,-0.685821415026178,0.62376789513089,-0.14757775521465968,-0.04699310210497382,-0.9738733280628272,-0.9603656262565445,-0.9462256372513089,0.0807263062382199,0.01382244365460733,8.242083248010462e-4,-0.6808137253921466,-0.6516198489450262,-0.8008705818848167,-0.06449635455646596,-0.047147402310102095,0.10084028132958116,-0.7402765918732984,-0.7412855401963351,-0.6697896628897906,-0.08812135511727749,-0.04479725958620419,-0.06076807074081152,-0.7205156762931937,-0.8250387832460733,-0.7697559811256545,-0.6100309025013089,-0.6358212265159686,-0.6100309025013089,-0.6358212265159686,-0.6894293877591623,-0.6877034336274869,-0.6485386414303665,-0.710956808836911,-0.7892949432617801,-0.8057383830104712,-0.6541565191937173,-0.5849325001138743,-0.7151344744319372,-0.6478071929842932,-0.5951104726159162,-0.6957672795287958,-0.21789472298874346,-0.06522700309973822,0.01898788617539267,-0.686723799059424,-0.6707180959269633,-0.7790617203586387,-0.7040733824109948,-0.6548559152714659,-0.8217154944240838,-0.03420973610471204,-0.2775630922371492,-0.12606102715981676,-0.6743566560209424,-0.7470679079319372,-0.6735138868908377,-0.7620309780104713,-0.7408194534293193,-0.7002912828811518,-0.15164433968371727,-0.27061321507722513,-0.08969174000479058,-0.6287632474052356,-0.6969939996678011,0.01799485027803665,-0.675428720467801,-0.7064158293429319,0.17361039665942407,-0.7379080920691099,-0.7437846126937173,-0.12299982752327225,-0.8068821517539267,-0.8184485083769634,-0.002009238420994764,NA,28,train
NA,0.27911152194476746,-0.018471953048313953,-0.10867561226947675,-0.5742953953648255,-0.598400275636657,-0.6064612839264535,0.6830676256104651,0.11548975791162791,0.20821537004372093,-0.9732828858430232,-0.9646431610174419,-0.9416217902325581,0.07883823247133721,0.00900161248883721,-0.003552905424677326,-0.6234564142163663,-0.635499779848779,-0.7937467977906977,-0.01018319108693314,-0.08828832964418605,0.08816262665462209,-0.7346992736915697,-0.6345691734215116,-0.7138645839825581,-0.10070775180985465,-0.046432202952761625,-0.05278599903168605,-0.7361176641395348,-0.8536396131395348,-0.7702213143023255,-0.5535855933479651,-0.5790672160880814,-0.5535855933479651,-0.5790672160880814,-0.6645380604848837,-0.6204720498627907,-0.6022289937003489,-0.6537323015921511,-0.8022939063662791,-0.8401563641860466,-0.5799010001861338,-0.5876863081462209,-0.6805476754651163,-0.5727879490375,-0.6309788448518314,-0.6025509251837209,-0.16535078756773255,0.12807695752302325,0.08862706059921512,-0.6298758531520349,-0.6412890757863372,-0.7684339283139535,-0.6515641889648256,-0.6555261166555233,-0.8182927808139535,0.010776407699069767,-0.08156113050616279,-0.009526461815697674,-0.6857474134866279,-0.7359723016569767,-0.6892213577180233,-0.7525678317078488,-0.5888579874851744,-0.7491631722965116,0.0020104424662500003,-0.25394004971976747,0.020351607932005814,-0.5892940147343023,-0.6393141760549419,0.1627653009306977,-0.6098799374690989,-0.6364344705473837,0.22745081325013664,-0.7220184349843023,-0.6714543243684011,-0.04464692214837209,-0.8404641641569768,-0.8514624265697674,0.21243413725247093,NA,29,train
NA,0.2734287196363636,-0.01785606738495601,-0.10649263242909678,-0.6234136020469209,-0.480015920697654,-0.6536255792932552,0.7078143533431085,-0.0260590480328739,0.04809379041906158,-0.9664575656304986,-0.9445645371260997,-0.9269662782111437,0.07017312619888563,0.014466432906041056,-5.268188728753664e-4,-0.6354846880410557,-0.5572118677378299,-0.79606624023460415,-0.024849068282844573,-0.07435653084428152,0.08668754971190616,-0.6992621957058651,-0.7630221817008798,-0.7094834403225806,-0.09915546096334311,-0.040192394369501463,-0.052117826417008795,-0.6893284286070381,-0.842659862111437,-0.7430285005659824,-0.5631408027700586,-0.5912247803064516,-0.5631408027700586,-0.5912247803064516,-0.6501824343284458,-0.6076582141703812,-0.6431501216480938,-0.6740102909794722,-0.7840566562463344,-0.8036613637243402,-0.625733289873607,-0.5017799385052786,-0.6996568285923753,-0.6238050151994134,-0.5027536397958944,-0.657443765803519,-0.1928173404953079,0.038928252328445746,0.004472614490527859,-0.6458934966304986,-0.582949919157742,-0.7801016441935484,-0.657844055881525,-0.5598511860884077,-0.8108060165982405,-0.04769412004709677,-0.23687424088592376,-0.19365753930507332,-0.6420977197785924,-0.7751449850733138,-0.6707347089964809,-0.719276622702346,-0.7585052872140763,-0.751008875659824,-0.10256806767067449,-0.1676750255829912,-0.03218626882211144,-0.5790764537580645,-0.663079838985044,0.07706655875627566,-0.6047521080727273,-0.6156436948573607,0.11231984174565983,-0.7168221442791789,-0.7038394030070381,-0.08460752312451261,-0.8100854986510264,-0.810032718739003,0.05996287332521994,NA,3,train
NA,0.2763058367219321,-0.01758560773402089,-0.10589355727859008,-0.615890785389034,-0.5190473878754569,-0.5226432737721148,0.6968582006788512,0.051269818897498695,0.18434317834803657,-0.9743191185639687,-0.9522882927676241,-0.9294326346475196,0.07347992701488251,0.007304382579712793,-6.538718903733688e-4,-0.6790072541501305,-0.6607705539046997,-0.7816444850130548,-0.035422928032663184,-0.07174824524020888,0.08345445866939948,-0.6710058461227154,-0.5389906639422977,-0.5897834421853786,-0.09267690052741515,-0.04129037796694517,-0.04935561778751958,-0.7806364295561358,-0.7989480730548303,-0.7632285469190601,-0.5381311941830026,-0.5881581116336815,-0.5381311941830026,-0.5881581116336815,-0.6970501269989556,-0.6589721480934726,-0.5100327540981985,-0.5737794286710183,-0.7858709313315927,-0.8103985146736292,-0.6356501253221932,-0.5584900100190601,-0.6349585469007832,-0.6092389115084073,-0.5313214918409922,-0.5065703612739948,-0.3027753979848564,-0.08442085567751959,-0.04154805986511749,-0.6853077711574412,-0.671673670524282,-0.7554322127937337,-0.7018792085718015,-0.672622022924282,-0.8071849409399477,-0.1316499762062663,-0.2941483210770757,-0.1686046939623812,-0.6674182366926893,-0.6299106659598173,-0.6156993478302872,-0.6768019956806005,-0.49631042144960835,-0.6202533904151436,-0.23170987675013055,-0.3611227964020888,-0.20170572398746736,-0.6003720670462142,-0.6465228109207571,-0.03011971238248042,-0.656339723754047,-0.6646002624438115,0.08170462081436031,-0.6696005105630026,-0.5891926500898172,-0.20509459668720628,-0.8112923324281984,-0.8228056187467363,0.043305055638668405,NA,30,train
NA,0.2791779603013245,-0.015483345533619205,-0.10566173681688741,-0.5076910113917219,-0.4027249060781457,-0.6464436401754967,0.6981537190728477,0.11231310973675497,0.09216071974499039,-0.96462910880794706,-0.9399737779503311,-0.9420786788410596,0.08410198996225166,0.001765683038410597,-0.0029537113427350993,-0.5758905356798013,-0.5065443586096027,-0.7845619948675496,-0.029451687364304636,-0.07743164455960265,0.08662671167450331,-0.7099556769834438,-0.7056383066887417,-0.6065898173807946,-0.10352287714735099,-0.04906245193741722,-0.050625816012251655,-0.6625813103344371,-0.7741142703642384,-0.5646807712490066,-0.4608664155687086,-0.5216234517119205,-0.4608664155687086,-0.5216234517119205,-0.5893138700066225,-0.5890312681331126,-0.6027702848258278,-0.6640783835327815,-0.7073835175827815,-0.7341874933443708,-0.5512377051324503,-0.44023243179503313,-0.6961718114900662,-0.4928298857486755,-0.4221621711003311,-0.6493512107483443,-0.22637068994205298,0.0748636861897351,0.006266317570794703,-0.6047698694387417,-0.5509919698574172,-0.7687623579801325,-0.5840136269834437,-0.4915004343039073,-0.7988355638079471,-0.1029208449910596,-0.27429092242043046,-0.16370624635165562,-0.6322393008298013,-0.7170621878145695,-0.5373291272932782,-0.7357385771854305,-0.7022903909602649,-0.6693536874834437,-0.03816469866490066,-0.07206660071956954,0.07440289879188741,-0.5285030227450331,-0.5942595297569536,0.07814555948453643,-0.5731761770441722,-0.6134851236092715,0.13161929893509933,-0.6773557557033113,-0.7157311481456954,0.06221911393529801,-0.7488293095364238,-0.7356106024834437,0.030756455656589406,NA,5,train
NA,0.27237661418153847,-0.017569704264184614,-0.11599454136,-0.5050860850720615,-0.36840367013726155,-0.6725120045867077,0.6887020635692308,0.016205545595384615,0.04751999909064615,-0.9588987090153847,-0.9509348864,-0.9379102235076923,0.08138336040347692,4.7928112966153874e-4,-0.0022589630207692306,-0.5314683102621538,-0.45443749688581536,-0.7389552076276923,-0.04336117853744616,-0.07061290974984616,0.0973130293888923,-0.6538006600415385,-0.6262520726523076,-0.5999102328556923,-0.08291599660932308,-0.04549210056153846,-0.05336103236676923,-0.5460099683723076,-0.6776359805015385,-0.5269083063068923,-0.4647700069981231,-0.48379060635415383,-0.4647700069981231,-0.48379060635415383,-0.5514136523969231,-0.5029350623107692,-0.5494948520370462,-0.5798378180636923,-0.6219361585323077,-0.6444744854604924,-0.5061749262215385,-0.39204141013876925,-0.6837259450153846,-0.5066802765304923,-0.3966777938479077,-0.6943652072338462,-0.19153706681353846,0.05901148786058461,0.1130460892887077,-0.549394273848923,-0.5035589737036923,-0.7208671577415384,-0.5553461594003323,-0.4378374592873846,-0.7557511440984616,-0.09561402599744616,-0.3054226684489231,-0.1006823905788,-0.5372014420698461,-0.6211887248584615,-0.5076042075064615,-0.692862440004,-0.6332362297538462,-0.67302031484,0.028908719473353845,-0.042790020624615385,0.101044783556,-0.47397492438043076,-0.5709102899938462,0.10234668222784615,-0.4948823162384615,-0.5167112621739692,0.08311654532276923,-0.5791300511513846,-0.6573686738498462,0.10419339760793846,-0.6518869092215385,-0.6601758752102461,0.081817622852,NA,6,train
NA,0.2702116978149351,-0.018790488766818183,-0.1124923753883117,-0.577518324748052,-0.5464033653457793,-0.4564736422569805,0.6812891208441558,-0.042022145249675326,0.03421607119286039,-0.9565381785876623,-0.9553125540909091,-0.9233047240909091,0.08318295731688312,0.007609097674188312,-0.007917256960487014,-0.6151313774082792,-0.622997416262013,-0.6643368605444155,-0.05187169294077922,-0.06460771130788961,0.09776717214061688,-0.6871554740974026,-0.6524086579090909,-0.6633407603311688,-0.09420373761826624,-0.04144014060827922,-0.06103079281487013,-0.7017312004844156,-0.6749201149574675,-0.7508087055941558,-0.5113120367474026,-0.510669879158539,-0.5113120367474026,-0.510669879158539,-0.6228157676802922,-0.5505602305857142,-0.5818998979675325,-0.5986707958392857,-0.7131913483376623,-0.6580178449483767,-0.593011288564935,-0.5635477851740259,-0.5310059414955519,-0.572347541484091,-0.567046977262987,-0.4607921232773052,-0.3117905123824675,-0.030071329639935068,0.014662085284448052,-0.6375219402438311,-0.6416873338502272,-0.6425157165742857,-0.6267857445844156,-0.6285316307194805,-0.6848564389538961,-0.11978430017462013,-0.23950171401590908,-0.22026086104905843,-0.6437675784935065,-0.6304192750061688,-0.6550833549058441,-0.7038836468961039,-0.6711619228376623,-0.6989495189058441,-0.13449177278577923,-0.10388451454756494,-0.0863412384825,-0.5183238788246753,-0.5838197960922078,-0.01068737452127922,-0.5533600096581818,-0.5506832549084416,0.10869573052253247,-0.6288772727911364,-0.6509236482077922,-0.035227633400555194,-0.6688791881563961,-0.668963362464935,0.0631920436939935,NA,7,train
NA,0.2707590632953737,-0.01818949746886121,-0.10680962368398576,-0.5829588630174377,-0.34938373204626333,-0.49947268791316723,0.6474981754092527,0.03032111131188612,0.08365424068079359,-0.9542566660355872,-0.9484464504733096,-0.9231806636014235,0.08421574537551602,8.603015817864773e-4,-0.019671991299430605,-0.5759930739117438,-0.45872492516797153,-0.6683567847551601,0.0035905389716014233,-0.09107750983266905,0.06408676115619218,-0.6562192422818506,-0.5709412370192171,-0.5113920380128114,-0.10496985520035587,-0.040092224033167256,-0.058288714836654806,-0.6749844522402135,-0.6830869302889679,-0.6959703017544484,-0.46852259284341635,-0.5540389792661922,-0.46852259284341635,-0.5540389792661922,-0.5342486166120285,-0.5644719999615658,-0.47621494382619217,-0.5814228853412812,-0.673625525658363,-0.7158383855160142,-0.5818314146483986,-0.3749442362064057,-0.5509793887199288,-0.5853434605355872,-0.3786564589679715,-0.5132063129590747,-0.21602226168647687,0.026329752412455516,0.0913951982033452,-0.5916350091060498,-0.495906215569395,-0.6442858024067616,-0.5985462452366548,-0.4563683958569395,-0.6914809169501779,0.021233676881067615,-0.1690615744113879,-0.08260861049501779,-0.6013824212483986,-0.5759384827113879,-0.5255629190474377,-0.6752753530782918,-0.5730872921725979,-0.5539685878697509,-0.11710279371565836,-0.15387969579619218,-0.043025880663523135,-0.5121067928569395,-0.651638076286121,0.1465414396819573,-0.529244911130605,-0.6180274149110321,0.2715288702786477,-0.6099842891800712,-0.6366738911441281,-0.023224152595191814,-0.7021562154672598,-0.7557172999644128,0.22374869333701067,NA,8,train
